id,name,type,zone_min,zone_max,sun,soils,water,goals,harvest,traits,notes,partner,query
celeste-fig,Celeste fig,fruit tree,7a,10b,full,clay; loam; sandy,low,fruit; curb-appeal,ripens in July to August,closed-eye fruit resists souring; compact fig for small yards,Hardy in warm zone 7 sites and very drought-tolerant once established.,starkbros,Celeste fig tree
chicago-hardy-fig,Chicago Hardy fig,fruit tree,6a,10b,full,loam; sandy; clay,medium,fruit; curb-appeal,ripens in late summer,reliably resprouts after cold winters; good container candidate,The safest fig pick where winter lows are the main risk.,starkbros,Chicago Hardy fig
brown-turkey-fig,Brown Turkey fig,fruit tree,7a,10b,full; partial,loam; sandy; clay,low,fruit; curb-appeal,often produces a breba and main crop,dependable backyard fig; handles humidity,A forgiving fig for beginners in the South and coastal climates.,starkbros,Brown Turkey fig tree
lsu-purple-fig,LSU Purple fig,fruit tree,8a,10b,full,loam; clay; sandy,low,fruit,ripens from summer into fall,sweet dark fruit; bred for Gulf humidity,Best where summers are hot and disease pressure is real.,raintree,LSU Purple fig
fuyu-persimmon,Fuyu Asian persimmon,fruit tree,7a,10a,full,loam; sandy; clay,medium,fruit; curb-appeal; pollinators-wildlife,ripens in October to November,non-astringent fruit; excellent fall color,"A tidy, productive tree for warm temperate yards.",starkbros,Fuyu persimmon tree
hachiya-persimmon,Hachiya Asian persimmon,fruit tree,7a,10a,full,loam; clay,medium,fruit; curb-appeal; pollinators-wildlife,ripens in late fall,large astringent fruit; excellent for baking when soft,Worth planting if you want rich pulp rather than crisp eating fruit.,starkbros,Hachiya persimmon tree
meader-persimmon,Meader American persimmon,fruit tree,4b,9a,full; partial,loam; clay; sandy,medium,fruit; pollinators-wildlife; low-maintenance-natives,drops ripe fruit in fall,self-fertile selection; native wildlife value,A cold-hardy native persimmon with real backyard utility.,raintree,Meader American persimmon
shenandoah-pawpaw,Shenandoah pawpaw,fruit tree,5a,9a,full; partial,loam; clay,medium,fruit; pollinators-wildlife; curb-appeal; low-maintenance-natives,ripens in September,large mild custardy fruit; native understory tree,"Give young trees afternoon shade, then more sun as they establish.",raintree,Shenandoah pawpaw tree
susquehanna-pawpaw,Susquehanna pawpaw,fruit tree,5a,9a,full; partial,loam; clay,medium,fruit; pollinators-wildlife,ripens in September to October,dense rich flesh; few seeds for a pawpaw,A top-flavor pawpaw if you can keep soil evenly moist.,raintree,Susquehanna pawpaw
illinois-everbearing-mulberry,Illinois Everbearing mulberry,fruit tree,4b,9a,full; partial,clay; loam; sandy,low,fruit; pollinators-wildlife; low-maintenance-natives,bears over several summer weeks,cold-hardy hybrid; productive with little fuss,Tolerates imperfect soil and feeds both people and birds.,starkbros,Illinois Everbearing mulberry
li-jujube,Li jujube,fruit tree,5b,10a,full,loam; clay; sandy,low,fruit; curb-appeal,ripens in late summer to fall,crisp apple-like fruit; excellent heat tolerance,One of the best low-water fruit trees for hot inland sites.,raintree,Li jujube tree
lang-jujube,Lang jujube,fruit tree,5b,10a,full,loam; sandy; clay,low,fruit,ripens in fall,pear-shaped drying fruit; pairs well with Li,Plant with another jujube nearby for heavier crops.,raintree,Lang jujube tree
wonderful-pomegranate,Wonderful pomegranate,fruit shrub,8a,10b,full,loam; sandy,low,fruit; curb-appeal; pollinators-wildlife; privacy-screening,ripens in fall,showy orange flowers; classic red arils,Excellent for hot dry sites with sharp drainage.,starkbros,Wonderful pomegranate plant
russian-26-pomegranate,Russian 26 pomegranate,fruit shrub,7a,10a,full,loam; sandy; clay,low,fruit; curb-appeal; privacy-screening,ripens in early fall,more cold-tolerant pomegranate; compact habit,A practical pomegranate choice for marginal zone 7 gardens.,raintree,Russian 26 pomegranate
gold-nugget-loquat,Gold Nugget loquat,fruit tree,8b,10b,full; partial,loam; sandy; clay,medium,fruit; curb-appeal,ripens in spring,evergreen foliage; sweet orange fruit,Best for mild-winter yards where late freezes are uncommon.,raintree,Gold Nugget loquat tree
mayhaw-superberry,Superberry mayhaw,fruit tree,6b,9b,full; partial,clay; loam,high,fruit; pollinators-wildlife,ripens in spring,handles wet soil; excellent jelly fruit,A smart fruiting tree for heavy or seasonally wet southern soils.,raintree,mayhaw tree Superberry
chickasaw-plum,Chickasaw plum,fruit shrub,5a,9b,full,clay; loam; sandy,low,fruit; pollinators-wildlife; curb-appeal; privacy-screening; low-maintenance-natives,ripens in early summer,native thicket-former; early pollinator flowers,"Tough, wildlife-friendly, and useful where cultivated plums struggle.",amazon,Chickasaw plum plant
methley-plum,Methley plum,fruit tree,5b,9b,full,loam; clay; sandy,medium,fruit; pollinators-wildlife; curb-appeal,ripens in early summer,self-fertile Japanese plum; heavy bloom,A good warm-climate plum with reliable spring flowers.,starkbros,Methley plum tree
santa-rosa-plum,Santa Rosa plum,fruit tree,5b,9b,full,loam; sandy,medium,fruit,ripens in midsummer,tangy red-purple fruit; classic backyard plum,Best in full sun with good drainage and room for airflow.,starkbros,Santa Rosa plum tree
stanley-plum,Stanley prune plum,fruit tree,5a,8b,full,loam; clay,medium,fruit,ripens in late summer,European plum; good fresh or dried,A dependable choice for colder yards that still want tree fruit.,starkbros,Stanley plum tree
contender-peach,Contender peach,fruit tree,4b,8b,full,loam; sandy,medium,fruit,ripens in late summer,cold-hardy peach; freestone fruit,Good insurance for colder peach country.,starkbros,Contender peach tree
elberta-peach,Elberta peach,fruit tree,5a,9a,full,loam; sandy,medium,fruit,ripens in midsummer,classic yellow freestone; good canning peach,A familiar workhorse if you can give it sun and drainage.,starkbros,Elberta peach tree
redhaven-peach,Redhaven peach,fruit tree,5a,8b,full,loam; sandy,medium,fruit,ripens in midsummer,freestone yellow peach; widely adapted,Reliable flavor and a good anchor peach for many orchards.,starkbros,Redhaven peach tree
belle-of-georgia-peach,Belle of Georgia peach,fruit tree,5a,8b,full,loam; sandy,medium,fruit; curb-appeal,ripens in late summer,white freestone fruit; showy spring bloom,A pretty orchard tree with old-fashioned white peach flavor.,starkbros,Belle of Georgia peach tree
harrow-sweet-pear,Harrow Sweet pear,fruit tree,4b,8b,full,loam; clay,medium,fruit; pollinators-wildlife,ripens in late summer,fire blight resistance; sweet dessert pear,A practical pear for humid eastern gardens.,starkbros,Harrow Sweet pear tree
bartlett-pear,Bartlett pear,fruit tree,5a,8b,full,loam; clay,medium,fruit,ripens in late summer,classic canning pear; aromatic fruit,Best where fire blight pressure is moderate and airflow is good.,starkbros,Bartlett pear tree
kieffer-pear,Kieffer pear,fruit tree,4b,9a,full,clay; loam; sandy,low,fruit,ripens in fall,very tough pear; good for preserves,"Tolerates heat, clay, and neglect better than most pears.",starkbros,Kieffer pear tree
ayers-pear,Ayers pear,fruit tree,5b,9a,full,loam; clay,medium,fruit,ripens in summer,southern-adapted dessert pear; fine texture,A sweet pear for warm humid regions.,starkbros,Ayers pear tree
honeycrisp-apple,Honeycrisp apple,fruit tree,3b,7b,full,loam,medium,fruit,ripens in September,crisp dessert apple; needs compatible pollinator,"Great in colder zones, but less happy in hot southern summers.",starkbros,Honeycrisp apple tree
liberty-apple,Liberty apple,fruit tree,4a,8a,full,loam; clay,medium,fruit,ripens in September,strong disease resistance; balanced fresh eating flavor,A low-spray apple with real backyard usefulness.,starkbros,Liberty apple tree
arkansas-black-apple,Arkansas Black apple,fruit tree,5a,8b,full,loam; clay,medium,fruit,ripens in late fall,excellent storage apple; firm dark fruit,A southern heirloom that improves after storage.,starkbros,Arkansas Black apple tree
anna-apple,Anna apple,fruit tree,6b,9b,full,loam; sandy,medium,fruit,ripens in early summer,low-chill apple; productive in mild winters,A warm-climate apple for places Honeycrisp dislikes.,starkbros,Anna apple tree
ein-shemer-apple,Ein Shemer apple,fruit tree,7a,9b,full,loam; sandy,medium,fruit,ripens in early summer,self-fertile low-chill apple; pale yellow fruit,Useful in Gulf and desert-edge climates with mild winters.,starkbros,Ein Shemer apple tree
montmorency-cherry,Montmorency tart cherry,fruit tree,4a,7b,full,loam,medium,fruit,ripens in early summer,classic pie cherry; self-fertile,A proven tart cherry for colder climates.,starkbros,Montmorency cherry tree
stella-cherry,Stella sweet cherry,fruit tree,5a,8a,full,loam; sandy,medium,fruit; pollinators-wildlife; low-maintenance-natives,ripens in early summer,self-fertile sweet cherry; dark red fruit,"Needs sun, drainage, and bird protection to shine.",starkbros,Stella cherry tree
north-star-cherry,North Star tart cherry,fruit tree,4a,8a,full,loam; clay,medium,fruit; curb-appeal,ripens in early summer,naturally compact tree; cold-hardy,Excellent for small yards in colder regions.,starkbros,North Star cherry tree
all-in-one-almond,All-in-One almond,nut tree,7a,9b,full,loam; sandy,low,fruit; curb-appeal,nuts mature in late summer,self-fertile almond; showy early bloom,Best in dry-summer climates where spring frost is not severe.,starkbros,All-In-One almond tree
pawnee-pecan,Pawnee pecan,nut tree,6b,9b,full,loam; clay,medium,fruit; curb-appeal,nuts mature in fall,early bearing pecan; large nut,"Give it space, sun, and a compatible pollinator if possible.",starkbros,Pawnee pecan tree
elliott-pecan,Elliott pecan,nut tree,6b,9b,full,loam; clay,medium,fruit; curb-appeal,nuts mature in fall,scab-resistant reputation; smaller high-quality nut,A strong pick for humid southern pecan areas.,starkbros,Elliott pecan tree
american-hazelnut,American hazelnut,nut shrub,4a,8b,full; partial,loam; clay; sandy,medium,fruit; pollinators-wildlife; curb-appeal; privacy-screening; low-maintenance-natives,nuts mature in late summer,native thicket shrub; wildlife cover,"Tough, useful, and better with more than one plant.",amazon,American hazelnut shrub
dunstan-chestnut,Dunstan chestnut,nut tree,5a,9a,full,loam; sandy,medium,fruit; curb-appeal,nuts drop in fall,blight-resistant hybrid; productive mast tree,"Needs drainage and room, but rewards patient growers.",starkbros,Dunstan chestnut tree
arbequina-olive,Arbequina olive,fruit tree,8a,10b,full,sandy; loam,low,fruit; curb-appeal,olives mature in fall,compact olive; good container plant,"Loves heat, sun, and lean well-drained soil.",starkbros,Arbequina olive tree
improved-meyer-lemon,Improved Meyer lemon,citrus,9a,11a,full,loam; sandy,medium,fruit; curb-appeal,bears mostly winter to spring,container-friendly citrus; fragrant bloom,Grow in a pot where winter freezes are expected.,starkbros,Improved Meyer lemon tree
owari-satsuma,Owari satsuma mandarin,citrus,8b,10b,full,loam; sandy,medium,fruit; curb-appeal,ripens in fall,cold-tolerant citrus; easy-peeling fruit,One of the best citrus choices for the Gulf South.,starkbros,Owari satsuma tree
brightwell-blueberry,Brightwell rabbiteye blueberry,berry shrub,7a,9b,full,sandy; loam,medium,fruit; pollinators-wildlife; privacy-screening,ripens in early summer,southern rabbiteye blueberry; heavy producer,Needs acidic soil and another rabbiteye nearby for best yield.,starkbros,Brightwell blueberry bush
sunshine-blue-blueberry,Sunshine Blue blueberry,berry shrub,6b,10a,full; partial,sandy; loam,medium,fruit; curb-appeal; privacy-screening,ripens in late spring to summer,compact evergreen habit; low-chill blueberry,Great for patio containers with acidic potting mix.,starkbros,Sunshine Blue blueberry
legacy-blueberry,Legacy blueberry,berry shrub,5a,8b,full,loam; sandy,medium,fruit; curb-appeal; privacy-screening,ripens in midseason,northern-southern hybrid; high-quality berry,A productive blueberry where soil acidity can be managed.,starkbros,Legacy blueberry bush
ouachita-blackberry,Ouachita thornless blackberry,berry cane,5a,9a,full,loam; clay,medium,fruit; privacy-screening,ripens in early summer,thornless canes; upright habit,A tidy blackberry for warm humid summers.,starkbros,Ouachita blackberry plant
navajo-blackberry,Navaho thornless blackberry,berry cane,6a,9a,full,loam; clay,medium,fruit; privacy-screening,ripens in summer,thornless compact cane; sweet berries,Good for small fruit patches with a simple trellis.,starkbros,Navaho blackberry plant
heritage-raspberry,Heritage red raspberry,berry cane,4a,8a,full; partial,loam,medium,fruit; privacy-screening,fall-bearing crop,everbearing raspberry; classic flavor,Reliable in cooler climates with consistent moisture.,starkbros,Heritage raspberry canes
caroline-raspberry,Caroline red raspberry,berry cane,4a,8a,full,loam,medium,fruit; privacy-screening,large fall crop,excellent flavor; vigorous primocane bearer,A standout fall raspberry where summers are not punishingly hot.,starkbros,Caroline raspberry plant
carlos-muscadine,Carlos muscadine grape,grape vine,7a,10a,full,loam; sandy; clay,low,fruit; curb-appeal; privacy-screening,ripens in late summer,bronze muscadine; disease-resistant southern grape,A durable grape for hot humid regions.,starkbros,Carlos muscadine grape vine
nesbitt-muscadine,Nesbitt muscadine grape,grape vine,7a,10a,full,loam; sandy; clay,low,fruit; privacy-screening,ripens in late summer,self-fertile black muscadine; large fruit,Handles southern disease pressure better than bunch grapes.,starkbros,Nesbitt muscadine grape
concord-grape,Concord grape,grape vine,5a,8a,full,loam; clay,medium,fruit; pollinators-wildlife; privacy-screening,ripens in late summer,classic juice grape; cold-hardy vine,Best in cooler eastern climates with a sturdy trellis.,starkbros,Concord grape vine
mars-grape,Mars seedless grape,grape vine,5a,8b,full,loam; clay,medium,fruit; privacy-screening,ripens in midsummer,blue seedless grape; good disease resistance,A practical backyard table grape for humid regions.,starkbros,Mars seedless grape vine
reliance-grape,Reliance seedless grape,grape vine,4a,8a,full,loam,medium,fruit; privacy-screening,ripens in late summer,pink seedless grape; cold-hardy,A sweet table grape for colder zones.,starkbros,Reliance grape vine
anna-hardy-kiwi,Anna hardy kiwi,fruit vine,4a,8b,full; partial,loam,medium,fruit; curb-appeal; privacy-screening,ripens in fall,smooth-skinned kiwi berry; vigorous vine,Needs a male hardy kiwi nearby unless sold as a paired planting.,raintree,Anna hardy kiwi vine
maypop-passionfruit,Maypop passionfruit,fruit vine,6a,10a,full,loam; sandy; clay,medium,fruit; pollinators-wildlife; curb-appeal; privacy-screening; low-maintenance-natives,fruit ripens in late summer,native passionflower; host plant for butterflies,A vigorous native vine with spectacular flowers.,amazon,maypop passionflower plant
adams-elderberry,Adams elderberry,berry shrub,3b,8b,full; partial,clay; loam,high,fruit; pollinators-wildlife; curb-appeal; privacy-screening; low-maintenance-natives,berries ripen in late summer,native shrub; pollinator flowers,Thrives in moist soil and fruits best with another elderberry.,starkbros,Adams elderberry plant
viking-aronia,Viking aronia,berry shrub,3a,8a,full; partial,clay; loam; sandy,medium,fruit; pollinators-wildlife; curb-appeal; privacy-screening,berries ripen in late summer,black chokeberry; excellent fall color,"A tough edible hedge with tart, antioxidant-rich fruit.",starkbros,Viking aronia plant
sweet-scarlet-goumi,Sweet Scarlet goumi,berry shrub,4b,8b,full; partial,loam; sandy,low,fruit; pollinators-wildlife; curb-appeal; privacy-screening,berries ripen in late spring,nitrogen-fixing shrub; fragrant flowers,"A useful permaculture shrub for lean, well-drained soil.",raintree,Sweet Scarlet goumi
regent-serviceberry,Regent serviceberry,fruit shrub,2b,7b,full; partial,loam; clay; sandy,medium,fruit; pollinators-wildlife; curb-appeal; privacy-screening; low-maintenance-natives,berries ripen in early summer,native edible berries; spring flowers,Great for cold climates and mixed edible landscapes.,starkbros,Regent serviceberry
crimson-star-goji,Crimson Star goji berry,berry shrub,5a,9b,full,sandy; loam,low,fruit; privacy-screening,bears from summer into fall,drought-tolerant once established; red antioxidant berries,"Good for sunny, lean soils where blueberries would sulk.",starkbros,Crimson Star goji berry
seascape-strawberry,Seascape strawberry,berry perennial,4a,9a,full,loam; sandy,medium,fruit,day-neutral berries over a long season,container-friendly; large berries,A good patio and raised-bed strawberry.,starkbros,Seascape strawberry plants
earliglow-strawberry,Earliglow strawberry,berry perennial,4a,8a,full,loam; sandy,medium,fruit,early summer crop,excellent flavor; June-bearing,One of the best-tasting early strawberries in cooler gardens.,starkbros,Earliglow strawberry plants
victoria-rhubarb,Victoria rhubarb,perennial vegetable,3a,8a,full; partial,loam; clay,medium,vegetables-herbs; curb-appeal,stalks harvest in spring,classic pie plant; long-lived perennial,Needs winter chill and steady moisture.,starkbros,Victoria rhubarb plant
jersey-knight-asparagus,Jersey Knight asparagus,perennial vegetable,3a,8b,full,loam; sandy,medium,vegetables-herbs,spears harvest in spring,productive male hybrid; long-lived bed,Worth the wait if you can dedicate a sunny permanent bed.,starkbros,Jersey Knight asparagus crowns
green-globe-artichoke,Green Globe artichoke,perennial vegetable,7b,10b,full,loam; sandy,medium,vegetables-herbs; curb-appeal; pollinators-wildlife,buds form in spring to summer,architectural foliage; edible flower buds,"Perennial in mild climates, annual elsewhere with a head start.",amazon,Green Globe artichoke plants
cherokee-purple-tomato,Cherokee Purple tomato,annual vegetable,3a,11a,full,loam,medium,vegetables-herbs,midsummer until frost,rich heirloom flavor; large slicing tomato,Start after frost and keep moisture consistent to prevent cracking.,amazon,Cherokee Purple tomato seeds
sungold-tomato,Sungold cherry tomato,annual vegetable,3a,11a,full,loam,medium,vegetables-herbs,early summer until frost,very sweet orange cherries; vigorous vine,A near-guaranteed morale boost in a sunny vegetable bed.,amazon,Sungold tomato seeds
roma-tomato,Roma paste tomato,annual vegetable,3a,11a,full,loam,medium,vegetables-herbs,midsummer,sauce tomato; determinate habit,Good for canning batches and compact beds.,amazon,Roma tomato seeds
poblano-pepper,Poblano pepper,annual vegetable,4a,11a,full,loam; sandy,medium,vegetables-herbs,summer to fall,mild roasting pepper; productive in heat,A full-sun pepper that rewards warm nights.,amazon,poblano pepper seeds
jalapeno-pepper,Jalapeno pepper,annual vegetable,4a,11a,full,loam; sandy,medium,vegetables-herbs,summer to frost,compact hot pepper; green or red harvest,"Easy, productive, and happy in containers.",amazon,jalapeno pepper seeds
california-wonder-pepper,California Wonder bell pepper,annual vegetable,4a,11a,full,loam; sandy,medium,vegetables-herbs,summer to fall,classic bell pepper; green to red fruit,Keep evenly watered for thick-walled peppers.,amazon,California Wonder pepper seeds
clemson-spineless-okra,Clemson Spineless okra,annual vegetable,6a,11a,full,clay; loam; sandy,low,vegetables-herbs; curb-appeal,summer pods,heat-loving crop; tolerates heavy soil,One of the best vegetables for blazing summer heat.,amazon,Clemson Spineless okra seeds
provider-bush-bean,Provider bush bean,annual vegetable,3a,10b,full,loam; clay,medium,vegetables-herbs,fast summer harvest,early snap bean; reliable germination,A strong first bean for direct sowing after frost.,amazon,Provider bush bean seeds
sugar-snap-pea,Sugar Snap pea,annual vegetable,3a,9a,full; partial,loam,medium,vegetables-herbs,spring pods,edible pods; trellised cool-season crop,Plant early while soil is cool for sweet pods.,amazon,Sugar Snap pea seeds
lacinato-kale,Lacinato kale,annual vegetable,3a,10a,full; partial,loam; clay,medium,vegetables-herbs; curb-appeal,cool-season leaves,cold-tolerant greens; dark textured leaves,Excellent for fall planting and partial-sun beds.,amazon,Lacinato kale seeds
georgia-collards,Georgia Southern collards,annual vegetable,3a,10b,full; partial,loam; clay,medium,vegetables-herbs,cool-season leaves,heat-tolerant green; forgiving crop,A dependable leafy green in southern gardens.,amazon,Georgia Southern collards seeds
bright-lights-chard,Bright Lights Swiss chard,annual vegetable,3a,10b,full; partial,loam; clay,medium,vegetables-herbs; curb-appeal,spring through fall leaves,colorful stems; handles partial shade,Good edible color where ornamentals are also wanted.,amazon,Bright Lights Swiss chard seeds
buttercrunch-lettuce,Buttercrunch lettuce,annual vegetable,3a,9b,partial; full,loam,medium,vegetables-herbs,spring and fall heads,compact butterhead; slow to bolt for lettuce,Best in cool weather with afternoon shade in warm regions.,amazon,Buttercrunch lettuce seeds
bloomsdale-spinach,Bloomsdale spinach,annual vegetable,3a,9b,partial; full,loam,medium,vegetables-herbs; curb-appeal,cool-season leaves,savoyed leaves; cold-tolerant,A classic for early spring and fall beds.,amazon,Bloomsdale spinach seeds
danvers-carrot,Danvers carrot,annual vegetable,3a,10a,full,sandy; loam,medium,vegetables-herbs,roots in 70 to 80 days,handles heavier soil than many carrots; storage type,Choose this when your soil is not perfectly fluffy.,amazon,Danvers carrot seeds
detroit-beet,Detroit Dark Red beet,annual vegetable,3a,10a,full; partial,loam; clay,medium,vegetables-herbs,roots and greens in cool seasons,classic red beet; edible tops,A forgiving root crop for spring and fall.,amazon,Detroit Dark Red beet seeds
waltham-butternut,Waltham Butternut squash,annual vegetable,4a,10b,full,loam; clay,medium,vegetables-herbs,fall storage squash,long-storing winter squash; vigorous vines,"Needs space, sun, and a full warm season.",amazon,Waltham Butternut squash seeds
black-beauty-zucchini,Black Beauty zucchini,annual vegetable,4a,10b,full,loam; clay,medium,vegetables-herbs,summer squash over many weeks,compact productive plant; fast harvest,Pick often while fruits are small.,amazon,Black Beauty zucchini seeds
marketmore-cucumber,Marketmore 76 cucumber,annual vegetable,4a,10b,full,loam; sandy,medium,vegetables-herbs,summer slicing cucumbers,disease-resistant standard; trellis-friendly,A solid slicer with steady water and airflow.,amazon,Marketmore 76 cucumber seeds
crimson-sweet-watermelon,Crimson Sweet watermelon,annual vegetable,5a,11a,full,sandy; loam,medium,vegetables-herbs,mid to late summer melons,classic striped melon; sweet red flesh,"Needs heat, space, and warm soil.",amazon,Crimson Sweet watermelon seeds
ambrosia-cantaloupe,Ambrosia cantaloupe,annual vegetable,5a,11a,full,sandy; loam,medium,vegetables-herbs,summer melons,very sweet muskmelon; aromatic fruit,Best with full sun and consistent moisture until ripening.,amazon,Ambrosia cantaloupe seeds
peaches-cream-corn,Peaches and Cream sweet corn,annual vegetable,4a,10b,full,loam; clay,high,vegetables-herbs; curb-appeal,summer ears,bicolor sweet corn; plant in blocks,"Needs fertility, water, and enough plants for pollination.",amazon,Peaches and Cream sweet corn seeds
yukon-gold-potato,Yukon Gold potato,annual vegetable,3a,9b,full,loam; sandy,medium,vegetables-herbs,early to midseason tubers,gold flesh; versatile kitchen potato,Plant seed potatoes in loose soil and hill as they grow.,amazon,Yukon Gold seed potatoes
beauregard-sweet-potato,Beauregard sweet potato,annual vegetable,6a,11a,full,sandy; loam,medium,vegetables-herbs,fall roots,heat-loving vine; orange flesh,A reliable sweet potato for warm-season beds.,amazon,Beauregard sweet potato slips
candy-onion,Candy onion,annual vegetable,4a,9b,full,loam,medium,vegetables-herbs,early summer bulbs,day-neutral sweet onion; large bulbs,A flexible onion for gardeners between short- and long-day regions.,amazon,Candy onion plants
music-garlic,Music hardneck garlic,annual vegetable,3a,8a,full,loam,medium,vegetables-herbs,early summer bulbs,large cloves; cold-hardy hardneck,Plant in fall where winters provide a good chill.,amazon,Music hardneck garlic bulbs
genovese-basil,Genovese basil,annual herb,4a,11a,full,loam,medium,vegetables-herbs; pollinators-wildlife,summer leaves,classic pesto basil; bee flowers if allowed to bloom,Pinch often and keep warm.,amazon,Genovese basil seeds
arp-rosemary,Arp rosemary,perennial herb,6b,10b,full,sandy; loam,low,vegetables-herbs; pollinators-wildlife; low-maintenance-natives,evergreen sprigs,cold-hardy rosemary; fragrant shrub,Needs excellent drainage more than rich soil.,amazon,Arp rosemary plant
english-thyme,English thyme,perennial herb,5a,9b,full,sandy; loam,low,vegetables-herbs; pollinators-wildlife; low-maintenance-natives,sprigs through the growing season,drought-tolerant herb; pollinator flowers,Perfect for sunny edges and lean soil.,amazon,English thyme plant
italian-parsley,Italian flat-leaf parsley,biennial herb,4a,10b,partial; full,loam,medium,vegetables-herbs; pollinators-wildlife,leaves spring through fall,kitchen staple; beneficial insect flowers in year two,Handles partial sun better than many herbs.,amazon,Italian parsley seeds
cilantro,Santo cilantro,annual herb,3a,10b,partial; full,loam,medium,vegetables-herbs; pollinators-wildlife,cool-season leaves and coriander seed,slow-bolt selection; beneficial insect bloom,Sow succession crops in cool weather.,amazon,Santo cilantro seeds
bouquet-dill,Bouquet dill,annual herb,3a,10b,full,loam; sandy,medium,vegetables-herbs; pollinators-wildlife,leaves and seed heads in summer,pollinator magnet; pickle herb,Direct sow where it will grow and let some reseed.,amazon,Bouquet dill seeds
kentucky-colonel-mint,Kentucky Colonel spearmint,perennial herb,5a,9b,partial; full,clay; loam,high,vegetables-herbs; pollinators-wildlife,leaves all season,classic spearmint; handles moist soil,Grow in a container unless you want a permanent patch.,amazon,Kentucky Colonel mint plant
purple-coneflower,Purple coneflower,perennial flower,3a,9a,full; partial,clay; loam; sandy,low,pollinators-wildlife; curb-appeal; low-maintenance-natives,summer bloom,native perennial; seedheads feed birds,A durable pollinator backbone for sunny beds.,amazon,purple coneflower plants
black-eyed-susan,Black-eyed Susan,perennial flower,3a,9b,full,clay; loam; sandy,low,pollinators-wildlife; curb-appeal; low-maintenance-natives,summer to fall bloom,native daisy flowers; long bloom season,Handles heat and average soil with ease.,amazon,Black Eyed Susan plants
butterfly-weed,Butterfly weed,perennial flower,3a,9b,full,sandy; loam,low,pollinators-wildlife; curb-appeal; low-maintenance-natives,orange summer bloom,native milkweed; monarch host plant,Best in dry sunny soil and dislikes transplanting.,amazon,Asclepias tuberosa plants
swamp-milkweed,Swamp milkweed,perennial flower,3a,9b,full; partial,clay; loam,high,pollinators-wildlife; curb-appeal; low-maintenance-natives,pink summer bloom,monarch host plant; handles wet soil,The milkweed to choose for rain gardens and heavy soil.,amazon,swamp milkweed plants
common-milkweed,Common milkweed,perennial flower,3a,9b,full,clay; loam; sandy,low,pollinators-wildlife; curb-appeal; low-maintenance-natives,fragrant summer bloom,monarch host plant; spreads by rhizomes,Great for wilder edges where spreading is welcome.,amazon,common milkweed plants
bee-balm-jacob-cline,Jacob Cline bee balm,perennial flower,4a,9a,full; partial,loam; clay,medium,pollinators-wildlife; curb-appeal; low-maintenance-natives,red summer bloom,hummingbird favorite; mildew-resistant selection,Give moisture and airflow for the cleanest foliage.,amazon,Jacob Cline bee balm plant
anise-hyssop,Anise hyssop,perennial herb,4a,9a,full,loam; sandy,low,pollinators-wildlife; vegetables-herbs; low-maintenance-natives,summer flower spikes and leaves,licorice-scented leaves; bee magnet,A long-blooming edible flower for dry sunny beds.,amazon,Anise hyssop plants
munstead-lavender,Munstead lavender,perennial herb,5a,9a,full,sandy; loam,low,pollinators-wildlife; vegetables-herbs; low-maintenance-natives,early summer flowers,compact English lavender; fragrant flowers,Only recommend where drainage is sharp and humidity is manageable.,amazon,Munstead lavender plants
russian-sage,Russian sage,perennial flower,4a,9a,full,sandy; loam,low,pollinators-wildlife; curb-appeal; low-maintenance-natives,summer blue bloom,drought-tolerant perennial; silvery foliage,"Excellent in hot, dry, reflected-heat spots.",amazon,Russian sage plants
moonshine-yarrow,Moonshine yarrow,perennial flower,3a,9a,full,sandy; loam; clay,low,pollinators-wildlife; curb-appeal; low-maintenance-natives,yellow summer bloom,flat-topped flowers; drought-tolerant,A tough pollinator plant for lean soil.,amazon,Moonshine yarrow plants
zagreb-coreopsis,Zagreb coreopsis,perennial flower,4a,9a,full,loam; sandy,low,pollinators-wildlife; curb-appeal; low-maintenance-natives,yellow summer bloom,threadleaf foliage; long bloom,"Light, airy, and easy in sunny borders.",amazon,Zagreb coreopsis plants
blanket-flower,Blanket flower,perennial flower,3a,10a,full,sandy; loam,low,pollinators-wildlife; curb-appeal; low-maintenance-natives,summer to frost bloom,heat-tolerant flowers; short-lived but generous,A bright choice for dry beds and containers.,amazon,Gaillardia blanket flower plants
may-night-salvia,May Night salvia,perennial flower,4a,9a,full,loam; sandy,low,pollinators-wildlife; curb-appeal; low-maintenance-natives,late spring purple spikes,reblooms if cut back; bee favorite,Reliable structure for sunny perennial beds.,amazon,May Night salvia plants
kobold-liatris,Kobold blazing star,perennial flower,3a,9a,full,loam; clay; sandy,medium,pollinators-wildlife; curb-appeal; low-maintenance-natives,purple summer spikes,native-style vertical bloom; butterfly favorite,Works well in meadow plantings and formal borders.,amazon,Kobold liatris plants
joe-pye-weed,Gateway Joe Pye weed,perennial flower,4a,9a,full; partial,clay; loam,high,pollinators-wildlife; curb-appeal; low-maintenance-natives,late summer mauve blooms,tall native perennial; butterfly magnet,Choose it for moist back-of-border drama.,amazon,Gateway Joe Pye weed plant
fireworks-goldenrod,Fireworks goldenrod,perennial flower,4a,9a,full,clay; loam; sandy,low,pollinators-wildlife; curb-appeal; low-maintenance-natives,fall golden plumes,late-season nectar; clumping habit,A pollinator bridge when many gardens are fading.,amazon,Fireworks goldenrod plants
october-skies-aster,October Skies aromatic aster,perennial flower,3a,8b,full,loam; sandy; clay,low,pollinators-wildlife; curb-appeal; low-maintenance-natives,fall blue-purple bloom,late pollinator food; mounded habit,Excellent fall color for dry sunny edges.,amazon,October Skies aster plant
mountain-mint,Clustered mountain mint,perennial herb,4a,8b,full; partial,loam; clay,medium,pollinators-wildlife; vegetables-herbs; low-maintenance-natives,summer silver bracts,exceptional native pollinator plant; mint scent,A top-tier beneficial insect plant that behaves better than culinary mint.,amazon,clustered mountain mint plant
husker-red-penstemon,Husker Red penstemon,perennial flower,3a,8b,full; partial,loam; sandy,low,pollinators-wildlife; curb-appeal; low-maintenance-natives,late spring white flowers,burgundy foliage; native selection,Good for tidy pollinator beds with foliage interest.,amazon,Husker Red penstemon plants
jeana-phlox,Jeana garden phlox,perennial flower,4a,8b,full; partial,loam; clay,medium,pollinators-wildlife; curb-appeal; low-maintenance-natives,summer pink bloom,mildew-resistant phlox; butterfly favorite,A better-behaved phlox for humid gardens.,amazon,Jeana phlox plant
benary-zinnia,Benary's Giant zinnia,annual flower,3a,11a,full,loam; sandy,medium,pollinators-wildlife; curb-appeal,summer to frost flowers,excellent cut flower; butterfly visits,Direct sow after frost for big color fast.,amazon,Benary Giant zinnia seeds
sensation-cosmos,Sensation cosmos,annual flower,3a,11a,full,sandy; loam,low,pollinators-wildlife; curb-appeal,summer to frost flowers,airy annual flowers; thrives in lean soil,"Too much fertility gives leaves, not flowers.",amazon,Sensation cosmos seeds
durango-marigold,Durango marigold,annual flower,3a,11a,full,loam; clay; sandy,medium,pollinators-wildlife; curb-appeal; vegetables-herbs,summer to frost blooms,compact French marigold; vegetable-bed companion,A sturdy annual for edging vegetable beds.,amazon,Durango marigold seeds
alaska-nasturtium,Alaska nasturtium,annual flower,3a,10b,partial; full,sandy; loam,medium,pollinators-wildlife; curb-appeal; vegetables-herbs,edible leaves and flowers,variegated foliage; edible blooms,Good in cooler weather and partial sun.,amazon,Alaska nasturtium seeds
mammoth-sunflower,Mammoth sunflower,annual flower,3a,11a,full,clay; loam; sandy,medium,pollinators-wildlife; curb-appeal,late summer seedheads,tall dramatic annual; feeds birds,Direct sow in full sun after frost.,amazon,Mammoth sunflower seeds
limelight-hydrangea,Limelight panicle hydrangea,ornamental shrub,3a,8b,full; partial,loam; clay,medium,curb-appeal; pollinators-wildlife; privacy-screening,summer lime-white panicles,cold-hardy hydrangea; blooms on new wood,Much more sun-tolerant than bigleaf hydrangeas.,starkbros,Limelight hydrangea
natchez-crape-myrtle,Natchez crape myrtle,ornamental tree,7a,9b,full,clay; loam; sandy,low,curb-appeal; pollinators-wildlife,white summer bloom,exfoliating bark; heat-tolerant tree,A graceful flowering tree for hot sunny sites.,amazon,Natchez crape myrtle tree
bloodgood-japanese-maple,Bloodgood Japanese maple,ornamental tree,5a,8b,partial,loam,medium,curb-appeal,red foliage spring to fall,compact shade tree; fine-textured leaves,Protect from hot afternoon sun in warm climates.,starkbros,Bloodgood Japanese maple
patriot-hosta,Patriot hosta,ornamental perennial,3a,8b,shade; partial,loam; clay,medium,curb-appeal,variegated foliage,shade foliage plant; lavender flowers,A dependable shade option where water is not too scarce.,amazon,Patriot hosta plants
caramel-heuchera,Caramel coral bells,ornamental perennial,4a,9a,shade; partial,loam,medium,curb-appeal; pollinators-wildlife,amber foliage,evergreen in mild climates; small pollinator flowers,Adds foliage color without needing full sun.,amazon,Caramel heuchera plants
dwarf-yaupon-holly,Dwarf yaupon holly,ornamental shrub,7a,10a,full; partial,clay; loam; sandy,low,curb-appeal; pollinators-wildlife; privacy-screening; low-maintenance-natives,evergreen structure,native evergreen; tolerates pruning,A tough southern foundation shrub for sun or part shade.,amazon,dwarf yaupon holly plant
oakleaf-hydrangea,Oakleaf hydrangea,ornamental shrub,5a,9a,partial; shade,loam; clay,medium,curb-appeal; pollinators-wildlife; privacy-screening; low-maintenance-natives,white summer panicles and fall color,native shrub; textured leaves,Excellent for woodland edges and bright shade.,starkbros,oakleaf hydrangea
beautyberry,American beautyberry,ornamental shrub,6a,10a,partial; full,clay; loam; sandy,medium,curb-appeal; pollinators-wildlife; privacy-screening; low-maintenance-natives,purple fall berries,native shrub; wildlife fruit,A showy native for loose hedges and part sun.,amazon,American beautyberry plant
arnold-promise-witch-hazel,Arnold Promise witch hazel,ornamental shrub,5a,8b,full; partial,loam; clay,medium,curb-appeal; pollinators-wildlife; privacy-screening,fragrant late-winter bloom,yellow winter flowers; early pollinator value,A lovely shrub for four-season gardens.,starkbros,Arnold Promise witch hazel
red-twig-dogwood,Red twig dogwood,ornamental shrub,3a,8a,full; partial,clay; loam,high,curb-appeal; pollinators-wildlife; privacy-screening; low-maintenance-natives,winter red stems,handles wet soil; native shrub,Best where moisture is steady and winter color matters.,amazon,red twig dogwood shrub
little-bluestem,Little bluestem,ornamental grass,3a,9a,full,sandy; loam; clay,low,curb-appeal; pollinators-wildlife; privacy-screening; low-maintenance-natives,blue-green summer grass and copper fall color,native warm-season grass; drought tolerant,Adds structure and habitat to dry sunny plantings.,amazon,little bluestem grass plants
northwind-switchgrass,Northwind switchgrass,ornamental grass,4a,9a,full,clay; loam; sandy,medium,curb-appeal; pollinators-wildlife; privacy-screening; low-maintenance-natives,upright summer grass and winter seedheads,native grass cultivar; strong vertical habit,"Tough, architectural, and useful in rain-garden edges.",amazon,Northwind switchgrass plants
red-gem-goumi,Red Gem goumi berry,berry shrub,4b,8b,full; partial,loam; sandy,low,fruit; pollinators-wildlife; curb-appeal; privacy-screening,red berries ripen in late spring,nitrogen-fixing shrub; tart cherry-like berries,A useful edible hedge shrub that fruits before most berries are ready.,raintree,Red Gem goumi
carmine-goumi,Carmine goumi berry,berry shrub,4b,8b,full; partial,loam; sandy; clay,low,fruit; pollinators-wildlife; curb-appeal; privacy-screening,scarlet berries ripen in late spring,early edible berry; fragrant spring flowers,Plant with another goumi selection for heavier crops and better fruit set.,raintree,Carmine goumi berry
jewel-goumi,Jewel goumi berry,berry shrub,4b,8b,full; partial,loam; sandy,low,fruit; curb-appeal; privacy-screening,speckled red berries in late spring,compact edible shrub; fixes nitrogen,A compact goumi for mixed borders where early fruit and low care matter.,amazon,Jewel goumi plant
hinnomaki-red-gooseberry,Hinnomaki Red gooseberry,berry shrub,3a,8a,full; partial,loam; clay,medium,fruit; privacy-screening,red berries ripen in early summer,sweet-tart dessert gooseberry; cold-hardy shrub,Excellent in cooler climates where summer heat does not cook the fruit.,starkbros,Hinnomaki Red gooseberry
pixwell-gooseberry,Pixwell gooseberry,berry shrub,3a,8a,full; partial,loam; clay,medium,fruit; privacy-screening,green-pink berries in early summer,nearly thornless habit; reliable pie berry,A practical gooseberry for colder edible hedges and preserves.,starkbros,Pixwell gooseberry plant
rovada-red-currant,Rovada red currant,berry shrub,3a,7b,partial; full,loam; clay,medium,fruit; curb-appeal; privacy-screening,long red clusters in midsummer,classic European currant; excellent jelly fruit,Best in cool-summer gardens with afternoon shade in warmer zones.,raintree,Rovada red currant
ben-sarek-black-currant,Ben Sarek black currant,berry shrub,3a,7b,partial; full,loam; clay,medium,fruit; privacy-screening,black berries in midsummer,compact black currant; rich aromatic fruit,"A strong pick for northern gardens and syrups, jams, or cassis-style uses.",raintree,Ben Sarek black currant
pink-champagne-currant,Pink Champagne currant,berry shrub,3a,7b,partial; full,loam,medium,fruit; curb-appeal; privacy-screening,translucent pink clusters in midsummer,milder dessert currant; beautiful fruit clusters,"A prettier, sweeter currant for fresh eating in cool climates.",raintree,Pink Champagne currant
boreal-beast-honeyberry,Boreal Beast honeyberry,berry shrub,2a,7b,full; partial,loam; clay,medium,fruit; pollinators-wildlife; privacy-screening,blue berries in late spring,very cold-hardy haskap; early fruit,Pair with another compatible honeyberry for strong fruit set.,starkbros,Boreal Beast honeyberry
boreal-blizzard-honeyberry,Boreal Blizzard honeyberry,berry shrub,2a,7b,full; partial,loam; clay,medium,fruit; privacy-screening,large blue berries in late spring,large haskap berries; cold-climate crop,One of the better honeyberries for larger fruit and fresh eating.,starkbros,Boreal Blizzard honeyberry
tundra-honeyberry,Tundra honeyberry,berry shrub,2a,7b,full; partial,loam,medium,fruit; privacy-screening,early blue berries,firm haskap fruit; excellent cold tolerance,A northern berry crop that ripens before blueberries in many regions.,starkbros,Tundra honeyberry plant
orange-energy-seaberry,Orange Energy seaberry,berry shrub,3a,8a,full,sandy; loam,low,fruit; curb-appeal; privacy-screening,orange berries in late summer,nitrogen-fixing shrub; very high tart juice fruit,"Needs a male seaberry nearby and enough space for a thorny, tough shrub.",raintree,Orange Energy seaberry
askola-seaberry,Askola seaberry,berry shrub,3a,8a,full,sandy; loam,low,fruit; curb-appeal; privacy-screening,orange berries in late summer,productive sea buckthorn; handles poor soil,"A resilient crop for cold, sunny, lean sites where other fruits struggle.",raintree,Askola seaberry plant
shipova,Shipova mountain ash pear,fruit tree,5a,8b,full,loam; clay,medium,fruit; curb-appeal,small pear-like fruit in late summer,rare European hybrid; self-fertile once mature,A slow-to-bear collector fruit with unusual pear-apricot flavor notes.,raintree,shipova tree
nottingham-medlar,Nottingham medlar,fruit tree,5a,8b,full; partial,loam; clay,medium,fruit; curb-appeal,fruit bletts after frost in fall,old European fruit; beautiful spring flowers,An old-world fruit for patient growers who enjoy unusual fall flavors.,raintree,Nottingham medlar tree
iranian-quince,Iranian quince,fruit tree,5a,9a,full,loam; clay,medium,fruit; curb-appeal,aromatic yellow fruit in fall,fragrant cooking fruit; ornamental bloom,"Excellent for preserves, poaching, and fragrance where pears grow well.",raintree,Iranian quince tree
pineapple-quince,Pineapple quince,fruit tree,5a,9a,full,loam; clay,medium,fruit; curb-appeal,yellow fruit in fall,aromatic quince; classic cooking fruit,A good quince for Mediterranean-style cooking and low-spray orchards.,starkbros,Pineapple quince tree
cornelian-cherry,Cornelian cherry dogwood,fruit shrub,4a,8b,full; partial,loam; clay,medium,fruit; pollinators-wildlife; curb-appeal; privacy-screening,red tart fruit in late summer,very early yellow bloom; edible dogwood fruit,"A durable ornamental edible for jams, syrups, and early pollinator flowers.",raintree,Cornelian cherry dogwood
nanking-cherry,Nanking cherry,fruit shrub,2b,7b,full,loam; sandy,low,fruit; pollinators-wildlife; curb-appeal; privacy-screening,red cherries in early summer,cold-hardy shrub cherry; early spring bloom,Plant more than one seedling or cultivar for better fruit set.,starkbros,Nanking cherry bush
carmine-jewel-cherry,Carmine Jewel bush cherry,fruit shrub,3a,8a,full,loam; clay,medium,fruit; curb-appeal; pollinators-wildlife; privacy-screening; low-maintenance-natives,dark tart cherries in midsummer,dwarf sour cherry; cold-hardy prairie breeding,"A small-space tart cherry for pies, juice, and fresh snacking when fully ripe.",starkbros,Carmine Jewel cherry
romeo-bush-cherry,Romeo bush cherry,fruit shrub,3a,8a,full,loam; clay,medium,fruit; privacy-screening,dark cherries in midsummer,high-brix tart cherry; compact shrub,A good companion to other bush cherries for extended harvest and pollination.,starkbros,Romeo bush cherry
che-fruit,Che fruit,fruit tree,6b,9b,full,loam; sandy; clay,low,fruit; curb-appeal,red mulberry-like fruit in fall,rare Asian fruit; heat-tolerant once established,"A collector fruit that performs best with heat, sun, and patience.",raintree,Che fruit tree
pakistan-mulberry,Pakistan mulberry,fruit tree,8a,10b,full,loam; sandy,medium,fruit; curb-appeal,long sweet fruit in late spring,very long mulberries; excellent fresh eating,A superb warm-climate mulberry where winter cold is not severe.,raintree,Pakistan mulberry tree
shangri-la-mulberry,Shangri-La mulberry,fruit tree,6b,9b,full; partial,loam; clay; sandy,medium,fruit,large black fruit in late spring,large sweet mulberry; adapted to humid regions,A good mulberry option for the Southeast and other warm humid areas.,raintree,Shangri-La mulberry
saijo-persimmon,Saijo Asian persimmon,fruit tree,6b,9b,full,loam; clay,medium,fruit; curb-appeal; pollinators-wildlife,orange fruit ripens in fall,very sweet astringent persimmon; cold-tolerant kaki,A premium-flavor persimmon for growers willing to let fruit soften fully.,raintree,Saijo persimmon tree
nikitas-gift-persimmon,Nikita's Gift persimmon,fruit tree,5b,9a,full,loam; clay,medium,fruit; curb-appeal; pollinators-wildlife,orange-red fruit in fall,hybrid persimmon; cold-hardy kaki flavor,A smart bridge between American hardiness and Asian persimmon fruit quality.,raintree,Nikita's Gift persimmon
ichi-ki-kei-jiro-persimmon,Ichi-Ki-Kei-Jiro persimmon,fruit tree,7a,9b,full,loam; clay,medium,fruit; curb-appeal; pollinators-wildlife,non-astringent fruit in fall,dwarf non-astringent persimmon; good patio candidate,A compact Fuyu-type persimmon for warm temperate yards.,starkbros,Ichi Ki Kei Jiro persimmon
sunflower-pawpaw,Sunflower pawpaw,fruit tree,5a,9a,full; partial,loam; clay,medium,fruit; pollinators-wildlife; curb-appeal; low-maintenance-natives,custardy fruit in early fall,partly self-fertile pawpaw; native fruit tree,"Still fruits better with another pawpaw, but is forgiving for small plantings.",raintree,Sunflower pawpaw tree
mango-pawpaw,Mango pawpaw,fruit tree,5a,9a,full; partial,loam; clay,medium,fruit; pollinators-wildlife,large fruit in early fall,vigorous pawpaw; tropical-style flavor,A strong-growing pawpaw that likes moisture and shelter when young.,raintree,Mango pawpaw tree
parfianka-pomegranate,Parfianka pomegranate,fruit shrub,8a,10b,full,loam; sandy,low,fruit; curb-appeal; privacy-screening,red fruit in fall,soft-seeded pomegranate; excellent fresh flavor,A top-tier eating pomegranate for hot dry-summer or protected warm sites.,raintree,Parfianka pomegranate
salavatski-pomegranate,Salavatski pomegranate,fruit shrub,7a,10a,full,loam; sandy; clay,low,fruit; curb-appeal; privacy-screening,red fruit in early fall,cold-tolerant pomegranate; showy flowers,A good pomegranate candidate where zone 7 winters are the limiting factor.,raintree,Salavatski pomegranate
feijoa-coolidge,Coolidge pineapple guava,fruit shrub,8a,10b,full; partial,loam; sandy,low,fruit; curb-appeal; pollinators-wildlife; privacy-screening,aromatic green fruit in fall,edible flowers; evergreen silver foliage,A globally loved subtropical fruit that doubles as a handsome hedge.,starkbros,Coolidge pineapple guava
nikita-pineapple-guava,Nikita pineapple guava,fruit shrub,8a,10b,full; partial,loam; sandy,low,fruit; curb-appeal; privacy-screening,sweet aromatic fruit in fall,compact feijoa selection; evergreen shrub,Good for mild coastal and southern gardens with well-drained soil.,raintree,Nikita pineapple guava
chilean-guava,Chilean guava,fruit shrub,8a,10a,partial; full,loam; sandy,medium,fruit; curb-appeal; privacy-screening,small fragrant berries in fall,evergreen edible shrub; strawberry-spice flavor,A refined container or mild-climate shrub that appreciates protection from extremes.,amazon,Chilean guava plant
strawberry-guava,Strawberry guava,fruit shrub,9b,11a,full; partial,loam; sandy,medium,fruit; curb-appeal; privacy-screening,red guava fruit in summer to fall,tropical evergreen fruit; container candidate,Best kept contained or grown where it is not an ecological problem.,amazon,strawberry guava plant
red-jaboticaba,Red jaboticaba,fruit tree,9b,11a,partial; full,loam,high,fruit; curb-appeal,grape-like fruit on trunk in warm seasons,Brazilian cauliflorous fruit; excellent container specimen,A slow but fascinating tropical fruit for containers and frost-free gardens.,amazon,red jaboticaba tree
sri-kembangan-starfruit,Sri Kembangan starfruit,fruit tree,9b,11a,full,loam; sandy,medium,fruit; curb-appeal,star-shaped fruit in warm seasons,sweet carambola variety; container-friendly when young,A tropical fruit tree for frost-free sites or serious container growers.,amazon,Sri Kembangan starfruit tree
white-sapote,Suebelle white sapote,fruit tree,9b,11a,full,loam; sandy,medium,fruit,creamy fruit in fall to winter,subtropical custard fruit; self-fertile selection,A mild-climate fruit tree with dessert-like flesh and a spreading habit.,amazon,Suebelle white sapote tree
sapodilla-alano,Alano sapodilla,fruit tree,10a,11a,full,loam; sandy,medium,fruit; curb-appeal,brown sugar fruit in warm seasons,tropical evergreen tree; excellent container candidate,"For frost-free gardens or containers where rich, grainy-sweet fruit is the prize.",amazon,Alano sapodilla tree
cherimoya-atemoya,Gefner atemoya,fruit tree,9b,11a,full; partial,loam; sandy,medium,fruit,custard fruit in fall,cherimoya-like flavor; warm-climate fruit,A better hot-climate custard-apple choice than true cherimoya in many areas.,amazon,Gefner atemoya tree
dragon-fruit-american-beauty,American Beauty dragon fruit,fruit cactus,10a,11a,full; partial,sandy; loam,low,fruit; curb-appeal; pollinators-wildlife,magenta fruit in summer to fall,climbing cactus fruit; spectacular night flowers,"Needs support, warmth, and fast drainage; excellent in containers outside the tropics.",amazon,American Beauty dragon fruit plant
prickly-pear-eastern,Eastern prickly pear,fruit cactus,4a,9b,full,sandy; loam,low,fruit; pollinators-wildlife; curb-appeal; low-maintenance-natives,edible pads and fruit in summer,cold-hardy cactus; native pollinator flowers,A surprisingly hardy edible cactus for dry sunny spots and poor soil.,amazon,Eastern prickly pear cactus plant
yuzu-citrus,Yuzu citrus,citrus,8a,10b,full,loam; sandy,medium,fruit; curb-appeal,aromatic yellow fruit in fall,cold-tolerant citrus; prized Japanese zest,One of the more cold-tolerant citrus for protected zone 8 sites.,starkbros,Yuzu citrus tree
nagami-kumquat,Nagami kumquat,citrus,8b,10b,full,loam; sandy,medium,fruit; curb-appeal,orange fruit in winter,eat peel and pulp; excellent container citrus,A forgiving citrus for containers and warm gardens with light frost exposure.,starkbros,Nagami kumquat tree
calamondin,Calamondin orange,citrus,9a,11a,full,loam; sandy,medium,fruit; curb-appeal,small tart fruit much of the year,compact citrus; fragrant flowers,"A classic patio citrus for marmalade, drinks, and ornamental fruit display.",amazon,calamondin orange tree
australian-finger-lime,Australian finger lime,citrus,9b,11a,full; partial,loam; sandy,medium,fruit; curb-appeal,caviar-like citrus pearls in fall,unusual citrus fruit; thorny compact tree,A specialty citrus for containers or frost-free sites with strong culinary appeal.,amazon,Australian finger lime tree
hardy-orange,Flying Dragon hardy orange,citrus,6a,9a,full,loam; clay; sandy,low,curb-appeal; fruit,aromatic sour fruit in fall,contorted hardy citrus; thorny living fence,"Fruit is mostly for marmalade or rootstock use, but the plant is extremely hardy.",amazon,Flying Dragon hardy orange
issai-hardy-kiwi,Issai hardy kiwi,fruit vine,5a,8b,full; partial,loam,medium,fruit; curb-appeal; privacy-screening,smooth kiwi berries in fall,self-fertile hardy kiwi; compact vine,"A practical kiwi berry for small spaces, though another vine can improve yield.",starkbros,Issai hardy kiwi
kens-red-kiwi,Ken's Red hardy kiwi,fruit vine,5a,8b,full; partial,loam,medium,fruit; curb-appeal; privacy-screening,red kiwi berries in fall,red-fleshed kiwi berry; vigorous vine,Needs a male hardy kiwi pollinator and a sturdy trellis.,raintree,Ken's Red hardy kiwi
arctic-beauty-kiwi,Arctic Beauty kiwi,fruit vine,3a,7b,partial; full,loam,medium,fruit; curb-appeal; privacy-screening,small kiwi berries in late summer,variegated foliage; very cold-hardy vine,More ornamental and cold-hardy than most kiwi vines; plant male and female forms.,raintree,Arctic Beauty kiwi vine
schisandra-eastern-prince,Eastern Prince schisandra,fruit vine,4a,8a,partial; shade,loam; clay,medium,fruit; curb-appeal; pollinators-wildlife; privacy-screening,red berries in late summer,five-flavor berry; shade-tolerant vine,A useful medicinal and culinary berry vine for cooler partial-shade sites.,raintree,Eastern Prince schisandra
black-lace-elderberry,Black Lace elderberry,berry shrub,4a,8b,full; partial,loam; clay,high,fruit; curb-appeal; pollinators-wildlife; privacy-screening,berries ripen in late summer,dark cutleaf foliage; pink spring flowers,An ornamental elderberry that still supports edible flower and berry uses.,starkbros,Black Lace elderberry
wyldewood-elderberry,Wyldewood elderberry,berry shrub,3b,8b,full; partial,loam; clay,high,fruit; pollinators-wildlife; curb-appeal; privacy-screening; low-maintenance-natives,large berry clusters in late summer,productive American elderberry; beneficial flowers,Pair with another elderberry cultivar for better berry set.,starkbros,Wyldewood elderberry
autumn-crisp-grape,Autumn Crisp grape,grape vine,7a,10a,full,loam; sandy,medium,fruit; privacy-screening,green seedless grapes in late summer,crisp seedless table grape; large berries,"A warm-region table grape that wants sun, airflow, and a real trellis.",amazon,Autumn Crisp grape vine
thomcord-grape,Thomcord grape,grape vine,5b,9b,full,loam; sandy,medium,fruit; pollinators-wildlife; privacy-screening,purple seedless grapes in late summer,Concord-Thompson hybrid; aromatic seedless grape,A nice bridge between American grape flavor and table-grape texture.,amazon,Thomcord grape vine
flame-seedless-grape,Flame Seedless grape,grape vine,7a,10a,full,loam; sandy,medium,fruit; privacy-screening,red seedless grapes in summer,classic red table grape; heat-loving vine,Best in dry-summer or low-humidity regions with full sun.,starkbros,Flame Seedless grape vine
goldrush-apple,GoldRush apple,fruit tree,5a,8b,full,loam; clay,medium,fruit,late fall storage apple,disease-resistant apple; excellent keeping quality,A high-flavor storage apple for growers who can let fruit hang late.,starkbros,GoldRush apple tree
dorsett-golden-apple,Dorsett Golden apple,fruit tree,7a,10a,full,loam; sandy,medium,fruit,early summer low-chill apples,very low-chill apple; good warm-climate pollinator,"A useful apple for mild winter areas, often paired with Anna.",starkbros,Dorsett Golden apple tree
fuji-apple,Fuji apple,fruit tree,5a,8b,full,loam,medium,fruit,sweet apples in fall,crisp sweet dessert apple; good storage,"A familiar market apple that needs sun, thinning, and a compatible pollinator.",starkbros,Fuji apple tree
seckel-pear,Seckel pear,fruit tree,5a,8b,full,loam; clay,medium,fruit,small sweet pears in late summer,tiny dessert pear; rich spicy flavor,A beloved fresh-eating pear for cooler and moderate climates.,starkbros,Seckel pear tree
orient-pear,Orient pear,fruit tree,5b,9a,full,loam; clay,medium,fruit,large pears in late summer,southern pear; fire blight tolerance,A tough pear for humid southern sites where European pears struggle.,starkbros,Orient pear tree
hosui-asian-pear,Hosui Asian pear,fruit tree,5a,9a,full,loam; clay,medium,fruit,bronze crisp pears in late summer,juicy Asian pear; excellent fresh eating,Needs thinning and a compatible pear nearby for best crops.,starkbros,Hosui Asian pear tree
shin-seiki-asian-pear,Shinseiki Asian pear,fruit tree,5a,9a,full,loam; clay,medium,fruit,yellow crisp pears in midsummer,self-fruitful Asian pear; crisp juicy fruit,A good starter Asian pear with bright flavor and reliable productivity.,starkbros,Shinseiki Asian pear tree
tomcot-apricot,Tomcot apricot,fruit tree,5a,8b,full,loam; sandy,medium,fruit; curb-appeal,orange apricots in early summer,productive apricot; good fresh flavor,Best where late spring frost is not a constant problem.,starkbros,Tomcot apricot tree
moorpark-apricot,Moorpark apricot,fruit tree,5a,8b,full,loam; sandy,medium,fruit; curb-appeal,large apricots in midsummer,classic heirloom apricot; rich flavor,A famous apricot for sites with enough chill and good bloom weather.,starkbros,Moorpark apricot tree
flordaking-peach,Flordaking peach,fruit tree,8a,9b,full,loam; sandy,medium,fruit,very early peaches in late spring,low-chill peach; warm-climate variety,A peach for mild winter regions where standard peaches lack chill.,starkbros,Flordaking peach tree
reliance-peach,Reliance peach,fruit tree,4a,8a,full,loam; sandy,medium,fruit,cold-hardy peaches in midsummer,very cold-hardy peach; freestone fruit,A practical peach for colder yards that still want a real harvest.,starkbros,Reliance peach tree
shiro-plum,Shiro plum,fruit tree,5a,8b,full,loam; sandy,medium,fruit,yellow plums in early summer,Japanese plum; heavy annual crops,A productive yellow plum that benefits from another Japanese plum nearby.,starkbros,Shiro plum tree
beauty-plum,Beauty plum,fruit tree,6a,9b,full,loam; sandy,medium,fruit,early red plums,low-chill plum; sweet juicy fruit,A warm-climate plum for areas without enough chill for northern varieties.,starkbros,Beauty plum tree
yacon,Yacon,perennial vegetable,7b,10b,full; partial,loam; sandy,medium,vegetables-herbs; curb-appeal,sweet crisp tubers after frost,Andean root crop; sunflower relative,Grow like a dahlia and harvest crunchy sweet tubers at season's end.,amazon,yacon starts
oca,Oca,perennial vegetable,7b,10a,full; partial,loam; sandy,medium,vegetables-herbs; curb-appeal,colorful tubers in late fall,Andean tuber crop; short-day tuber formation,A fun specialty root for long frost-free falls or protected season extension.,amazon,oca tubers for planting
sunchoke,Sunchoke,perennial vegetable,3a,9b,full,clay; loam; sandy,low,vegetables-herbs; pollinators-wildlife; curb-appeal; low-maintenance-natives,nutty tubers in fall and winter,native sunflower tuber; very vigorous,Plant where spreading is acceptable; it is productive and hard to remove.,amazon,sunchoke tubers
skirret,Skirret,perennial vegetable,5a,9a,full; partial,loam; clay,medium,vegetables-herbs; pollinators-wildlife,sweet white roots in fall,old European root crop; perennial vegetable,A forgotten perennial vegetable for curious cooks and moist garden soil.,amazon,skirret seeds
sea-kale,Sea kale,perennial vegetable,4a,8b,full,sandy; loam,medium,vegetables-herbs; curb-appeal; pollinators-wildlife,blanched shoots and leaves in spring,coastal perennial vegetable; edible shoots,A beautiful cabbage relative for well-drained beds and adventurous kitchens.,amazon,sea kale plants
egyptian-walking-onion,Egyptian walking onion,perennial vegetable,3a,9b,full; partial,loam; clay,medium,vegetables-herbs,green onions and bulbils most seasons,perennial allium; self-propagating topsets,One of the easiest perennial onions for a permanent kitchen bed.,amazon,Egyptian walking onion bulbs
malabar-spinach,Malabar spinach,annual vegetable,7a,11a,full; partial,loam; clay,medium,vegetables-herbs; curb-appeal,heat-season greens,tropical climbing green; thrives in humidity,A summer spinach substitute for heat that makes true spinach bolt.,amazon,Malabar spinach seeds
roselle,Roselle hibiscus,annual vegetable,8a,11a,full,loam; sandy,medium,vegetables-herbs; curb-appeal; pollinators-wildlife,red calyces in late summer to fall,hibiscus tea plant; edible leaves,"A heat-loving crop for teas, preserves, and dramatic red stems.",amazon,roselle hibiscus seeds
chayote,Chayote squash,perennial vegetable,8b,11a,full,loam; clay,medium,vegetables-herbs,green squash in fall,vigorous tropical vine; edible shoots and fruit,Perennial in mild climates and worth trellising hard where summers are long.,amazon,chayote squash plant
thai-basil,Thai basil,annual herb,4a,11a,full,loam,medium,vegetables-herbs; pollinators-wildlife,anise-scented leaves all summer,Southeast Asian culinary herb; heat-loving basil,"A high-value herb for hot weather, stir-fries, curries, and pollinator flowers.",amazon,Thai basil seeds
shiso,Shiso perilla,annual herb,4a,10b,partial; full,loam; clay,medium,vegetables-herbs,aromatic leaves in summer,Japanese culinary herb; red or green foliage,"A distinctive herb for pickles, rice, salads, and edible ornamental beds.",amazon,shiso seeds
lemongrass,Lemongrass,perennial herb,8b,11a,full,loam; sandy,medium,vegetables-herbs,fragrant stalks in warm months,tropical culinary grass; container friendly,Grow as a pot plant in cold zones and divide clumps for more starts.,amazon,lemongrass plants
